id,account_status,address,city,country,email,first_name,last_name,password,phone,state,stripe_token,subscription_end,subscription_type,username,zip_code,role
1,Okay,Admin Street,Delta,Canada,admin@admin.com,Thanos,Power Glover,#admin,123456789,British Columbia,,,0,Thanos,V4C 2X7,admin
2,Okay,75762 Golf View Circle,Virginia Beach,United States,admin2@admin2.com,Marlow,Dooly,#admin,757-272-1653,Washington,,,0,Ant Man,23459,admin
3,Okay,3 Upham Lane,Domampot,Philippines,admin3@admin3.com,Shaina,Capstick,#admin,679-781-5438,Ontario,,,0,Admin2,2445,admin
4,Okay,5 Burrows Plaza,Magetlegar,Indonesia,bduhigb@instagram.com,Bord,Duhig,iM9~>T1lo=gSx,620-977-6463,Yukon,,,0,bduhigb,2445,admin
5,Okay,269 Riverside Terrace,Saltsjöbaden,Sweden,icressarc@e-recht24.de,Isis,Cressar,rZ4)$)GfSuQ~7,325-743-7411,Washington,,,0,icressarc,133 34,admin
6,Okay,68 Red Cloud Junction,Xialu,China,johanlon5@netscape.com,Jackquelin,O'Hanlon,gR8_I~>&+,559-331-2740,California,,,0,johanlon5,134 34,admin
7,Okay,779 Lighthouse Bay Trail,Hanchang,China,aendricci6@google.com.br,Adrea,Endricci,oH2&u<w.('w*,760-282-7053,New Jersey,,,0,aendricci6,135 34,admin
8,Okay,2592 Golden Leaf Way,Curití,Colombia,lhanstock7@google.fr,Lulu,Hanstock,bY3\(+VJL,664-830-6603,Quebec,,,0,lhanstock7,684039,admin
9,Okay,8 Basil Circle,Daxi,China,tcamacke8@ucoz.ru,Tisha,Camacke,zE7'eoI@TW,460-855-2085,Edmonton,,,0,tcamacke8,684039,admin
10,Okay,68452 Tony Park,Pescadería,Dominican Republic,ahaggerstone9@uol.com.br,Adolphe,Haggerstone,sA8@J_h2O,241-304-3118,British Columbia,,,0,ahaggerstone9,11207,admin
11,Okay,Premium Street,Richmond,Canada,premium@premium.com,Tony,Stark,#premium,789789,Yukon,,2024-06-16,1,Tony Stark,11207,premium
12,Okay,0855 7th Terrace,Sindangkerta,Indonesia,premium2@premium2.com,Lexine,Romaine,#premium,849-197-3665,New York,,2023-08-13,1,Captain America,11207,premium
13,Okay,0 Mariners Cove Plaza,Qaşr Hallāl,Tunisia,premium3@premium3.com,Isacco,Wandrich,#premium,158-227-5442,New York,,2023-05-15,1,Doctor Strange,11207,premium
14,Okay,130 Troy Terrace,Banbalah,Tunisia,ekasbyed@usnews.com,Enrico,Kasbye,yO3{6b`J~phhg,947-871-5303,New York,,2023-05-19,1,ekasbyed,11207,premium
15,Okay,91342 Surrey Junction,Bautista,Philippines,gclapstone@discuz.net,Gayelord,Clapston,zC9'E_NH%FsRil,126-581-6546,California,,2023-01-05,1,gclapstone,2424,premium
16,Okay,73 Comanche Alley,Nārang,Pakistan,atrimbeyf@si.edu,Adela,Trimbey,"jA8{uwa""",684-991-5510,New Jersey,,2023-03-25,1,atrimbeyf,39051,premium
17,Okay,32114 Vera Circle,Shanghu,China,cbirkinshawg@smh.com.au,Corri,Birkinshaw,nQ4<o9.W,868-807-3847,Quebec,,2022-12-21,1,cbirkinshawg,39051,premium
18,Okay,5 Thackeray Circle,Лабуништа,Macedonia,jbrancah@pcworld.com,Jacintha,Branca,rC1)\+U+ZlAgW5%,392-652-6437,Edmonton,,2023-05-01,1,jbrancah,6337,premium
19,Okay,65655 Leroy Alley,Lincoln,United States,gbetjemani@topsy.com,Granger,Betjeman,oM6`pDvq=K/4L,402-753-7745,British Columbia,,2023-02-06,1,gbetjemani,68510,premium
20,Okay,603 Crest Line Way,Stony Hill,Jamaica,rhartfleetj@thetimes.co.uk,Roanne,Hartfleet,nP7'~VhhO6t#Lyr,655-456-0827,Ontario,,2022-12-26,1,rhartfleetj,68510,premium
21,Okay,0187 Vernon Center,Loreto,Argentina,ggeraldk@blogspot.com,Gwenore,Gerald,tC5+H'psRc=x!,832-201-6209,Yukon,,2022-12-18,1,ggeraldk,3483,premium
22,Okay,15704 Carberry Circle,Sarykemer,Kazakhstan,smacknightl@disqus.com,Spence,MacKnight,kU8lcEuDZs(SH*,276-532-1019,Washington,,2022-11-22,1,smacknightl,3483,premium
23,Okay,0 Prentice Avenue,Huimin,China,hgunstonem@indiatimes.com,Hewett,Gunstone,qT2{\YgWDKg,119-356-1634,New York,,2022-12-21,1,hgunstonem,3483,premium
24,Okay,9494 8th Alley,Kajiki,Japan,tstratfordn@seesaa.net,Timoteo,Stratford,zZ5}hrH$i+Fp@0q7,384-442-7533,California,,2023-01-10,1,tstratfordn,899-5241,premium
25,Okay,2544 Elmside Parkway,Hongshunli,China,hdormano@tamu.edu,Hercules,Dorman,oR9?Y4x\JO/FxX%m,699-259-7414,New Jersey,,2023-03-11,1,hdormano,899-5242,premium
26,Okay,3428 Morning Avenue,Kadubadak,Indonesia,yabadp@live.com,Ynes,Abad,vF9(`yBY>,708-870-1007,Quebec,,2023-05-14,1,yabadp,899-5243,premium
27,Okay,95862 Novick Center,Laâyoune / El Aaiún,Western Sahara,eizkovitchq@hc360.com,Elena,Izkovitch,tX4/+szZ0h/xk!,987-857-4804,Edmonton,,2023-06-03,1,eizkovitchq,899-5244,premium
28,Banned,62683 Division Terrace,Gonghe,China,fcornboroughr@marketwatch.com,Fanchette,Cornborough,wC5$Pl?3PMh,888-222-4051,British Columbia,,2022-09-29,1,fcornboroughr,899-5245,premium
29,Banned,5 Schurz Crossing,Merlo,Argentina,galvins@cmu.edu,Gard,Alvin,vS5$1|?soO,775-749-8143,Ontario,,2023-01-04,1,galvins,5881,premium
30,Banned,3545 Melrose Court,Magistral’nyy,Russia,ktriggelt@adobe.com,Kip,Triggel,dR5b6b.d`,990-246-2709,Yukon,,2023-02-03,1,ktriggelt,666504,premium
31,Okay,Basic Street,Surrey,Canada,basic@basic.com,Basic,Basic,#basic,123456,Ontario,,,0,Spider Man,V4C 35C,basic
32,Okay,Douglas,Vancouver,Canada,basic2@basic2.com,Douglas,College,#basic,456456456,Washington,,,0,Black Panther,V4C 35C,basic
33,Okay,818 Ohio Plaza,Manicaragua,Cuba,basic3@basic3.com,Keen,Rubinsztein,#basic,312-894-4705,California,,,0,Batman,V4C 35C,basic
34,Okay,84326 Parkside Road,Bojongsari,Indonesia,cbrevittx@opera.com,Corrie,Brevitt,nL4?D|V#!1z,269-304-0112,New Jersey,,,0,cbrevittx,V4C 35C,basic
35,Okay,14182 Morningstar Junction,Cipari,Indonesia,amattocksy@barnesandnoble.com,Abbot,Mattocks,mM1iVJIR,919-491-4621,Quebec,,,0,amattocksy,V4C 35C,basic
36,Okay,35874 Glacier Hill Pass,Balrothery,Ireland,kjenneryz@aboutads.info,Kalil,Jennery,wO1/7F87jV/<7aq,806-362-4690,Edmonton,,,0,kjenneryz,K32,basic
37,Okay,370 Schlimgen Plaza,Ueda,Japan,kpammenter10@nbcnews.com,Klara,Pammenter,gT7?NZ/sO,852-208-1776,British Columbia,,,0,kpammenter10,963-5343,basic
38,Okay,63216 Lake View Place,Chuanbu,China,kblanchette11@umich.edu,Karalynn,Blanchette,yT7>#kUQ1*,940-175-9945,Ontario,,,0,kblanchette11,963-5344,basic
39,Okay,83533 Petterle Center,Wesoła,Poland,ppena12@photobucket.com,Pauli,Pena,aP0~f_{huB,373-499-8154,Yukon,,,0,ppena12,36-231,basic
40,Okay,88 Oneill Court,Västerås,Sweden,cyakushkev13@hc360.com,Curcio,Yakushkev,uO7>{h.&*VC,618-578-1783,Washington,,,0,cyakushkev13,721 06,basic
41,Okay,6 Maple Alley,Pombas,Cape Verde,ywickling14@google.com.br,Yanaton,Wickling,"hN7""_r_!uuh11!~|",190-624-1878,New York,,,0,ywickling14,722 06,basic
42,Okay,57 Crescent Oaks Lane,Mzuzu,Malawi,urockell15@mail.ru,Urbano,Rockell,tW3@Xl}6'NqgcB7&,559-211-0539,California,,,0,urockell15,723 06,basic
43,Okay,889 Butternut Plaza,Heiheba,China,bsemechik16@skype.com,Basilio,Semechik,nD6e/Cic)mxzgqD,369-218-5796,New Jersey,,,0,bsemechik16,724 06,basic
44,Okay,60262 Menomonie Road,Timbrangan,Indonesia,pwoofenden17@miibeian.gov.cn,Putnem,Woofenden,lQ9}Ax)HLQ5*yY,430-347-2809,Quebec,,,0,pwoofenden17,725 06,basic
45,Okay,3 Derek Avenue,Jose Maria Morelos,Mexico,jgaineofengland18@merriam-webster.com,Jennifer,Gaine of England,rO4~<S}THg5'MwQc,772-409-5510,Edmonton,,,0,jgaineofengland18,94453,basic
46,Okay,77 Dakota Center,Yuli,Nigeria,tmaddock19@shareasale.com,Tan,Maddock,"qG4""'huJ",770-308-8384,British Columbia,,,0,tmaddock19,M5G,basic
47,Okay,867 Schiller Street,Rajapeni,Indonesia,afuggles1a@feedburner.com,Anson,Fuggles,rZ0(P8C&*A,653-389-4990,Ontario,,,0,afuggles1a,M5G,basic
48,Okay,9034 Atwood Alley,Bassano,Canada,nphelan1b@barnesandnoble.com,Niels,Phelan,xK7{+R#3,601-301-3693,Yukon,,,0,nphelan1b,M5G,basic
49,Okay,601 Prairieview Terrace,Skórzec,Poland,pdesorts1c@myspace.com,Patrice,Desorts,fG4'IJ@5,399-899-4288,Washington,,,0,pdesorts1c,08-114,basic
50,Okay,2 Claremont Circle,Tsimkavichy,Belarus,ccaldera1d@com.com,Carlynn,Caldera,zS4+v\J?PU)50m2Y,978-151-6218,New York,,,0,ccaldera1d,08-115,basic
51,Okay,32837 Nancy Circle,Changkeng,China,vtersay1e@huffingtonpost.com,Verena,Tersay,fL8v~@UvU6LJ'3G,731-656-1957,California,,,0,vtersay1e,08-116,basic
52,Okay,70467 Gina Terrace,Sebuku,Indonesia,lsimmonds1f@house.gov,Larry,Simmonds,gV6\=s(s)wq$1,185-398-5864,New Jersey,,,0,lsimmonds1f,08-117,basic
53,Okay,75610 Algoma Circle,Dębno,Poland,ofeldheim1g@icq.com,Ozzie,Feldheim,zQ4`5LGFiX4S&`2,713-248-1604,Quebec,,,0,ofeldheim1g,74-400,basic
54,Okay,44 Vahlen Center,Nanling,China,lspittall1h@businesswire.com,Lorelei,Spittall,yG6*K(AIi\@q/,820-103-2324,Edmonton,,,0,lspittall1h,74-401,basic
55,Okay,169 Maryland Point,Kolonnawa,Sri Lanka,rmains1i@wisc.edu,Roshelle,Mains,qZ4>p{@B0$|,571-997-3601,British Columbia,,,0,rmains1i,10600,basic
56,Okay,353 Jay Road,Zengguang,China,dmuress1j@google.com.au,Davin,Muress,gD8*bMB2}fd.b,821-431-7038,Ontario,,,0,dmuress1j,10600,basic
57,Okay,722 Commercial Center,Saihan Tal,China,heick1k@typepad.com,Halie,Eick,yZ7h8M$(O03sF\v,115-699-7255,Yukon,,,0,heick1k,10600,basic
58,Okay,9 Anhalt Point,Qingshuitang,China,bchipp1l@sphinn.com,Byran,Chipp,pG6!sXve(rn,425-358-9088,Washington,,,0,bchipp1l,10600,basic
59,Okay,25 Kim Center,Francova Lhota,Czech Republic,cparis1m@t-online.de,Cassondra,Paris,"lC6""d3rfvie5/",494-151-1221,New York,,,0,cparis1m,756 14,basic
60,Okay,528 Pond Point,Hamberang Sabrang,Indonesia,mandriveaux1n@samsung.com,Miranda,Andriveaux,"eN9""Z/7r%6D",255-439-1151,California,,,0,mandriveaux1n,757 14,basic
61,Okay,2296 Rieder Junction,Nantian,China,nroizn1o@npr.org,Nilson,Roizn,lA0>5wcv,105-605-6414,New Jersey,,,0,nroizn1o,758 14,basic
62,Okay,58 Roxbury Point,Ueno,Japan,eblenkiron1p@de.vu,Elane,Blenkiron,hL5<7i|>5Jr,680-842-7006,Quebec,,,0,eblenkiron1p,959-3213,basic
63,Okay,099 Merrick Pass,Longzhou,China,nhayler1q@stumbleupon.com,Nedi,Hayler,aU1~SN>KmiN%||/,575-386-8167,Edmonton,,,0,nhayler1q,D03,basic
64,Okay,44586 Sloan Alley,Cabinteely,Ireland,rfyall1r@shop-pro.jp,Ransell,Fyall,zT0)rZ~EQ6Y7,652-600-6843,British Columbia,,,0,rfyall1r,D04,basic
65,Okay,419 Monica Avenue,Nowe Skalmierzyce,Poland,cmacgee1s@oracle.com,Celestia,MacGee,hJ1\~f54hj9pn,798-770-7117,Ontario,,,0,cmacgee1s,63-460,basic
66,Okay,6 Holmberg Park,Wuda,China,edominique1t@slate.com,Elliot,Dominique,aP5/hS'.f,716-127-4318,Yukon,,,0,edominique1t,63-461,basic
67,Okay,5285 Welch Parkway,Springfield,United States,scawston1u@bizjournals.com,Skipp,Cawston,"mQ3$CV""v",217-218-1679,Washington,,,0,scawston1u,62711,basic
68,Okay,4 Bunker Hill Hill,Baoyang,China,rjaze1v@sina.com.cn,Redford,Jaze,dU8*l/{Qp9C.glg,841-216-8982,New York,,,0,rjaze1v,62711,basic
69,Okay,69937 Arapahoe Way,Parys,South Africa,iskrzynski1w@mapquest.com,Ingram,Skrzynski,"dB0(""'fRque4aUA",554-165-1982,California,,,0,iskrzynski1w,9585,basic
70,Okay,75190 Schlimgen Junction,Watergrasshill,Ireland,jpogg1x@histats.com,Jerad,Pogg,iW6>3qrX!W,287-191-6803,New Jersey,,,0,jpogg1x,T56,basic
71,Okay,87 Parkside Court,Rammūn,Palestinian Territory,sbunston1y@amazon.com,Shandeigh,Bunston,hB5=H~kMu'=lO,112-734-9735,Quebec,,,0,sbunston1y,T57,basic
72,Okay,45230 Johnson Circle,Hamburg,Germany,rrouge1z@artisteer.com,Rosemonde,Rouge,bB4@mGW2,959-802-1711,Edmonton,,,0,rrouge1z,22041,basic
73,Okay,44730 Grasskamp Junction,Sagarejo,Georgia,waim20@nature.com,Walton,Aim,hN3*Z~T{9,332-138-9302,British Columbia,,,0,waim20,22041,basic
74,Okay,30106 Vermont Road,Jhumra,Pakistan,vhardington21@dagondesign.com,Velma,Hardington,xN3'C{xVx8SYdi$,552-660-1477,Ontario,,,0,vhardington21,50355,basic
75,Okay,2 Atwood Junction,Saint-Herblain,France,cgiordano22@samsung.com,Carlyn,Giordano,nR8)PH`Sc12,702-166-9293,Yukon,,,0,cgiordano22,44815 CEDEX,basic
76,Okay,2463 Fairview Circle,Kameda-honchō,Japan,trobelin23@163.com,Ty,Robelin,"pZ02h""M",469-503-2614,Washington,,,0,trobelin23,956-0053,basic
77,Okay,350 Messerschmidt Lane,Xiangshi,China,ebyk24@fema.gov,Else,Byk,mE8+%=INPiGTy&,225-154-9589,New York,,,0,ebyk24,41354 CEDEX,basic
78,Okay,8707 Claremont Place,Vineuil,France,darchambault25@youku.com,Darsie,Archambault,sY7~r_DZ1M+Ao,706-105-4243,California,,,0,darchambault25,41355 CEDEX,basic
79,Okay,0870 Gerald Way,Cerklje na Gorenjskem,Slovenia,sgeorghiou26@ucsd.edu,Sheeree,Georghiou,qE4~eB3J(bZGOW&,157-392-6337,New Jersey,,,0,sgeorghiou26,4207,basic
80,Okay,8256 Twin Pines Place,Hanzhong,China,lfripps27@cloudflare.com,Lenee,Fripps,mZ9&u=_m>t`*z1,734-685-0542,Quebec,,,0,lfripps27,4207,basic
81,Okay,13 Kenwood Plaza,Ngulahan,Indonesia,evercruysse28@de.vu,Elizabeth,Vercruysse,lB8#*@gZRc,361-227-9977,Edmonton,,,0,evercruysse28,4207,basic
82,Okay,7618 Crest Line Court,Sinop,Brazil,gcathery29@unesco.org,Geoffrey,Cathery,dA6#a>CovpH,139-693-4561,British Columbia,,,0,gcathery29,78550-000,basic
83,Okay,00978 Larry Junction,Liushui,China,mmcmanamon2a@t.co,Mirella,McManamon,aR6){|>q,676-461-3701,Ontario,,,0,mmcmanamon2a,78550-001,basic
84,Okay,782 Mitchell Alley,Buzovna,Azerbaijan,tcotsford2b@wikispaces.com,Tina,Cotsford,vF6|r%y0,867-427-2202,Yukon,,,0,tcotsford2b,78550-002,basic
85,Okay,4 Hazelcrest Terrace,Puchong,Malaysia,dduncanson2c@cocolog-nifty.com,Duane,Duncanson,eC5'x|S{$})5E<I,568-821-5005,Washington,,,0,dduncanson2c,47140,basic
86,Okay,62813 Amoth Road,Cilimus Kulon,Indonesia,cwigfield2d@archive.org,Cullen,Wigfield,nL0*>yaj4l,429-229-2421,New York,,,0,cwigfield2d,47140,basic
87,Okay,13 Village Green Crossing,Frýdek-Místek,Czech Republic,havrahamoff2e@toplist.cz,Hamish,Avrahamoff,bW2~A%&RW',516-931-3622,California,,,0,havrahamoff2e,733 01,basic
88,Okay,4 Garrison Plaza,Pokrzywnica,Poland,celward2f@rakuten.co.jp,Cheri,Elward,pT2=ht2X%g1yuR,490-500-4593,New Jersey,,,0,celward2f,06-121,basic
89,Okay,1748 Kedzie Way,Manizales,Colombia,rkarim2g@godaddy.com,Roarke,Karim,dA4@8BeMDgx/02x,738-945-1050,Quebec,,,0,rkarim2g,170017,basic
90,Okay,363 Surrey Lane,Nandu,China,blinacre2h@virginia.edu,Beverlie,Linacre,dZ5|XI7h+6,883-658-5484,Edmonton,,,0,blinacre2h,170017,basic
91,Okay,09 Monica Crossing,Jingling,China,fcannon2i@statcounter.com,Frank,Cannon,gB7{wJy4`$+Y,851-106-5855,British Columbia,,,0,fcannon2i,170017,basic
92,Okay,7 Columbus Point,Usarin,Palestinian Territory,cholston2j@dyndns.org,Cariotta,Holston,zJ3=vJb1HZzbFN*+,548-332-1024,Ontario,,,0,cholston2j,170017,basic
93,Okay,7 Hooker Court,Huangmu,China,agullane2k@arstechnica.com,Arlana,Gullane,eZ2\Azf,131-691-1488,Yukon,,,0,agullane2k,170017,basic
94,Okay,7238 Pine View Terrace,Checacupe,Peru,skruger2l@dmoz.org,Shanta,Kruger,"bZ8|Zu""r0j\q5`8",768-316-4038,Washington,,,0,skruger2l,170017,basic
95,Banned,89530 Morningstar Trail,Ranchuelo,Cuba,voldcroft2m@webnode.com,Virginie,Oldcroft,oG2<1AUii,300-900-9233,New York,,,0,voldcroft2m,170017,basic
96,Banned,4461 Scott Circle,Uripa,Peru,tprobyn2n@mysql.com,Tito,Probyn,kH7#GV_|#Y8,744-644-0670,California,,,0,tprobyn2n,170017,basic
97,Banned,63 Sherman Crossing,Pericik,Indonesia,btalby2o@google.co.uk,Brietta,Talby,rP7)TYpt$cBty,432-779-5747,New Jersey,,,0,btalby2o,170017,basic
98,Banned,55 Menomonie Alley,Ghayl Bā Wazīr,Yemen,mmaunders2p@mayoclinic.com,Melessa,Maunders,eZ3?gyboMle#|xXn,262-195-5554,Quebec,,,0,mmaunders2p,170017,basic
99,Banned,971 Karstens Point,Mojorejo,Indonesia,pbaccus2q@bandcamp.com,Priscella,Baccus,pF3@6R|P>9E$,278-172-9067,Edmonton,,,0,pbaccus2q,170017,basic
100,Banned,962 Fulton Lane,Stockholm,Sweden,lferrier2r@discuz.net,Lucretia,Ferrier,sP3_{k`Sfp%,592-623-5450,British Columbia,,,0,lferrier2r,113 28,basic
